Series Name,Series Code,Country Name,Country Code,1985 [YR1985],1986 [YR1986],1987 [YR1987],1988 [YR1988],1989 [YR1989],1990 [YR1990],1991 [YR1991],1992 [YR1992],1993 [YR1993],1994 [YR1994],1995 [YR1995],1996 [YR1996],1997 [YR1997],1998 [YR1998],1999 [YR1999],2000 [YR2000],2001 [YR2001],2002 [YR2002],2003 [YR2003],2004 [YR2004],2005 [YR2005],2006 [YR2006],2007 [YR2007],2008 [YR2008],2009 [YR2009],2010 [YR2010],2011 [YR2011],2012 [YR2012],2013 [YR2013],2014 [YR2014],2015 [YR2015],2016 [YR2016]
"Air transport, registered carrier departures worldwide",IS.AIR.DPRT,Afghanistan,AFG,6400,5800,6000,5900,5200,5300,5300,5300,5100,7000,7300,7500,4600,1900,3400,3409,..,..,..,..,..,..,..,..,..,21677,25021,17775,21696,25920,23532.528,..
"Air transport, registered carrier departures worldwide",IS.AIR.DPRT,Albania,ALB,..,..,..,..,..,..,..,..,..,600,600,1400,1900,1100,2700,3885,3974,3762,3800,4104,4309,4481,4930,5058,5140,9412,10373.2109418273,10309.1791376912,11196,1992,0,..
"Air transport, registered carrier departures worldwide",IS.AIR.DPRT,Algeria,DZA,46200,50500,48400,49400,45700,44100,45600,45900,45400,45500,47000,45100,49600,44200,36400,40202,49274,46015,44315,48531,45692,44822,44136,31026,52731,53088,53286,54292,55516,60066,68096.2679034272,..
"Air transport, registered carrier departures worldwide",IS.AIR.DPRT,American Samoa,ASM,..,..,..,..,..,..,..,..,..,..,..,..,..,..,..,..,..,..,..,..,..,..,..,..,..,3420.57075456399,3577.61386138614,3963.0036477332,8580,9144,11759.184,..
"Air transport, registered carrier departures worldwide",IS.AIR.DPRT,Andorra,AND,..,..,..,..,..,..,..,..,..,..,..,..,..,..,..,..,..,..,..,..,..,..,..,..,..,..,..,..,..,..,..,..
"Air transport, registered carrier departures worldwide",IS.AIR.DPRT,Angola,AGO,13100,11100,11100,11000,6800,6900,7000,6900,5600,7600,7300,7700,7300,7400,5100,4399,4354,4343,4633,4849,4948,4965,5277,3361,3236,17060,12282,13072,14496,13716,13116,..
"Air transport, registered carrier departures worldwide",IS.AIR.DPRT,Antigua and Barbuda,ATG,55500,65000,65000,61700,58000,58000,67300,68200,70800,74000,77700,77700,69300,70100,68200,62070,72001,63361,67163,25700,26985,26175,27746,28356,26371,39865,36533.603996772,33606.0392244309,52572,46404,40046.652,..
"Air transport, registered carrier departures worldwide",IS.AIR.DPRT,Argentina,ARG,100500,102300,111800,106200,101600,114000,78500,86300,83300,99500,112400,131400,171600,144600,183600,168815,124493,113178,91657,90518,81298,74162,79465,74649,74546,92847.5065402624,90214.5205338809,101716.268913446,145136.020724733,134521,145583.336,..
"Air transport, registered carrier departures worldwide",IS.AIR.DPRT,Armenia,ARM,..,..,..,..,..,..,..,..,..,..,..,2200,4300,4500,2900,4406,2804,2997,3842,5657,5939,6177,5975,6681,7632,8761,5561,6043,852,0,0,..
"Air transport, registered carrier departures worldwide",IS.AIR.DPRT,Aruba,ABW,..,..,..,..,..,..,..,..,..,..,..,..,..,..,..,..,..,..,..,..,..,..,..,..,..,..,..,..,..,..,..,..
"Air transport, registered carrier departures worldwide",IS.AIR.DPRT,Australia,AUS,238600,266600,283300,294400,230300,255900,283600,324600,347700,405600,396100,371200,394500,378200,384800,382514,388734,536867,529648,324939,342509,352909,353546,393363,403256,572906,593145.002471011,622917,641451,655669,658699,..
"Air transport, registered carrier departures worldwide",IS.AIR.DPRT,Austria,AUT,37800,37700,38700,40100,39900,42000,47400,63600,73000,87700,109000,118100,121300,127900,127200,138700,133561,135516,128449,137049,141968,149512,151070,150738,138942,176195,166729.997287091,162715.735981131,166251,162576,152056.52,..
"Air transport, registered carrier departures worldwide",IS.AIR.DPRT,Azerbaijan,AZE,..,..,..,..,..,..,..,..,22200,22200,19600,19500,17200,10100,8500,8012,7922,8175,9195,11090,12470,12777,13039,12008,10264,9885,15082,16597,15886,18356,18199,..
"Air transport, registered carrier departures worldwide",IS.AIR.DPRT,"Bahamas, The",BHS,18100,18000,18300,19500,20200,18900,18900,16700,17700,17700,19300,20100,9100,9300,31100,31416,29395,26493,24455,29817,33211,33723,34402,33433,30267,26395,28393,30640,34188,35388,31211.184,..
"Air transport, registered carrier departures worldwide",IS.AIR.DPRT,Bahrain,BHR,10500,9600,8800,9400,10000,10900,10000,12900,14700,15200,13400,15400,14400,12300,20900,21303,20492,19752,28508,32488,..,..,..,..,69808,62473,60778.7162603187,63711.9791706662,52452,55980,57444,..
"Air transport, registered carrier departures worldwide",IS.AIR.DPRT,Bangladesh,BGD,13600,15000,15400,13100,14600,13000,13800,14600,15600,13000,12600,13100,12800,11900,5900,6313,6486,6464,7165,7403,7399,7971,11139,11308,16399,19299.8261758691,26535,26996.2544120399,59064,57996,37219.1157461918,..
"Air transport, registered carrier departures worldwide",IS.AIR.DPRT,Barbados,BRB,500,1400,1100,700,700,700,700,..,..,..,..,..,..,..,..,..,..,..,..,..,..,..,..,..,..,..,..,..,..,..,..,..
"Air transport, registered carrier departures worldwide",IS.AIR.DPRT,Belarus,BLR,..,..,..,..,..,..,..,..,35300,35300,35300,31800,5600,5700,6100,5772,5891,5545,6047,6211,5407,5646,6210,6371,5868,12101,14378,14608,17820,21168,22939,..
"Air transport, registered carrier departures worldwide",IS.AIR.DPRT,Belgium,BEL,43200,45300,45900,51200,59700,66500,70000,77100,109100,118700,141200,164700,182700,213000,233300,225906,178331,133682,132779,154218,151939,158016,173818,179019,249997,127677.532209862,131577,132099.342541943,130230,134026,138446.155,..
"Air transport, registered carrier departures worldwide",IS.AIR.DPRT,Belize,BLZ,..,..,..,..,..,..,..,..,..,..,..,..,..,..,..,..,..,..,..,..,..,..,..,..,..,19855,31755,59089,71401,112760,120072.361,..
"Air transport, registered carrier departures worldwide",IS.AIR.DPRT,Benin,BEN,2100,2700,2600,2600,1100,500,1200,1100,1300,1300,1300,1500,1500,1500,1500,1518,716,..,..,..,..,..,..,..,..,1255.45454545455,1381,1381,1728,648,1208.52,..
"Air transport, registered carrier departures worldwide",IS.AIR.DPRT,Bermuda,BMU,..,..,..,..,..,..,..,..,..,..,..,..,..,..,..,..,..,..,..,..,..,..,..,..,..,..,..,..,..,..,..,..
"Air transport, registered carrier departures worldwide",IS.AIR.DPRT,Bhutan,BTN,..,..,..,600,600,600,600,600,600,600,900,900,1000,1000,1100,1138,1297,1948,1890,2306,2467,2566,2720,2772,2706,3053.39992695398,4146.03177501826,3553,5820,8772,4640.388,..
"Air transport, registered carrier departures worldwide",IS.AIR.DPRT,Bolivia,BOL,15400,17400,15300,15900,16100,15600,15100,14000,12600,15300,16600,31700,34700,32000,24000,21566,20007,20560,28901,25764,25644,21978,24089,21088,19011,37019,40751.4507216495,41974.6792042443,33467,40560,29717.4300151605,..
"Air transport, registered carrier departures worldwide",IS.AIR.DPRT,Bosnia and Herzegovina,BIH,..,..,..,..,..,..,..,..,..,..,..,..,..,1100,4300,4768,4530,4394,4570,..,..,..,..,1004,1359,1573.54975701333,1060.06567164179,750.069402985075,552,420,81.06,..
"Air transport, registered carrier departures worldwide",IS.AIR.DPRT,Botswana,BWA,3500,3300,4300,4600,4900,5800,6700,6300,3800,3600,4000,4200,4900,5400,5900,6703,7138,7304,7214,7885,8181,6905,7366,6105,6142,7681,7910.25856004678,8422.23447986064,9396,8304,8438.436,..
"Air transport, registered carrier departures worldwide",IS.AIR.DPRT,Brazil,BRA,335100,367900,386200,401900,398700,415900,457700,405500,400100,408300,453500,483600,568600,609900,692600,628081,654106,627878,486777,486025,514700,560838,649738,647753,752225,841793,970561,1002565,952307,937437,944557,..
"Air transport, registered carrier departures worldwide",IS.AIR.DPRT,British Virgin Islands,VGB,..,..,..,..,..,..,..,..,..,..,..,..,..,..,..,..,..,..,..,..,..,..,..,..,..,..,..,..,..,..,..,..
"Air transport, registered carrier departures worldwide",IS.AIR.DPRT,Brunei Darussalam,BRN,3700,3600,3400,3500,3600,4400,4400,5100,6700,9600,11800,12200,13600,13600,16200.0009765625,12739,12237,11953,11812,13322,11808,12381,12128,13071,12274,12333,11672,10374,10920,10392,11624,..
"Air transport, registered carrier departures worldwide",IS.AIR.DPRT,Bulgaria,BGR,37000,38700,40000,39800,35900,37200,15300,16500,17300,16900,14700,13600,12700,14600,15200,12158,6687,2252,4577,7848,9691,12471,12221,15974,11237,11321,12297,11826,11736,11755,12208,..
"Air transport, registered carrier departures worldwide",IS.AIR.DPRT,Burkina Faso,BFA,2400,3600,2700,2800,2800,2200,2900,2800,3000,3000,3100,3300,1800,1800,3300,3368,1983,1257,1285,1415,1471,1512,1614,1413,1433,4235,3983.15025906736,3856.22456300177,3780,3672,3874.896,..
"Air transport, registered carrier departures worldwide",IS.AIR.DPRT,Burundi,BDI,600,400,900,900,900,900,900,900,900,900,1000,1000,1400,1400,..,..,..,..,..,..,..,..,..,..,..,..,..,..,..,..,..,..
"Air transport, registered carrier departures worldwide",IS.AIR.DPRT,Cabo Verde,CPV,8100,6100,6700,6700,6700,6700,6600,6800,6800,6800,7100,7400,14600,14800,12100,13010,8745,8735,9434,16612,19905,19862,21086,12236,11560,10363,10658.0712931195,10555.2286515647,8148,7728,7308.192,..
"Air transport, registered carrier departures worldwide",IS.AIR.DPRT,Cambodia,KHM,..,..,..,..,..,..,..,..,..,..,..,..,..,..,..,..,..,4648,4512,3893,3207,3998,4324,3667,3304,5104.72222222222,7191,7432,11897.0432386171,14732,12983,..
"Air transport, registered carrier departures worldwide",IS.AIR.DPRT,Cameroon,CMR,8200,6100,6200,6200,9700,7100,7000,4100,4100,4200,3800,3800,6500,6600,5400,5580,10103,4720,9524,10337,10696,10925,11650,9471,9501,0,3036,4938,5640,5640,5498.688,..
"Air transport, registered carrier departures worldwide",IS.AIR.DPRT,Canada,CAN,351900,343000,333800,380900,370200,346800,257800,258700,243700,253500,282800,305800,310800,317800,319600,963468,982013,263906,1036092,988755,1018480,1042100,1188947,1200361,1198381,1234528.61925597,1245743.61579713,1280198.18557714,1263297.33686341,1290419,1322033,..
"Air transport, registered carrier departures worldwide",IS.AIR.DPRT,Cayman Islands,CYM,..,..,..,..,..,..,..,..,..,..,..,..,..,..,..,..,..,..,..,..,..,..,..,..,..,..,..,..,..,..,..,..
"Air transport, registered carrier departures worldwide",IS.AIR.DPRT,Central African Republic,CAF,4300,4300,4300,4400,4400,3800,4500,1100,1300,1300,1300,1500,1500,1500,1500,1518,716,..,..,..,..,..,..,..,..,..,..,..,..,..,..,..
"Air transport, registered carrier departures worldwide",IS.AIR.DPRT,Chad,TCD,2100,2100,1600,1700,1700,1200,1800,1700,1900,1900,2000,2100,1800,1800,1500,1518,716,..,..,..,..,..,..,..,..,699.531448355453,984,664,72,72,0,..
"Air transport, registered carrier departures worldwide",IS.AIR.DPRT,Channel Islands,CHI,..,..,..,..,..,..,..,..,..,..,..,..,..,..,..,..,..,..,..,..,..,..,..,..,..,..,..,..,..,..,..,..
"Air transport, registered carrier departures worldwide",IS.AIR.DPRT,Chile,CHL,25300,26300,29000,35300,36000,40100,36600,48200,58600,68800,77800,93700,109300,119100,92500,87945,82942,78187,82789,86140,93003,94770,101008,108565,97473,108840,123739,125120,127631,124480,116532,..
"Air transport, registered carrier departures worldwide",IS.AIR.DPRT,China,CHN,102200,127900,159700,176900,159200,196000,190300,200300,261600,325900,397600,493000,470200,510500,547800,572921,840911,932064,946354,1209900,1349269,1542564,1753550,1853088,2140124,2377789,2538667,2779741,3073450,3356756,3616026,..
"Air transport, registered carrier departures worldwide",IS.AIR.DPRT,Colombia,COL,124100,123900,118200,118600,127000,116900,124500,147100,167200,181500,193700,195200,224800,234700,208600,199370,190465,179994,171933,153204,162095,175006,185872,187382,196298,226094,237570.829047845,254059.928996848,304365.908,317332.363,363293.312,..
"Air transport, registered carrier departures worldwide",IS.AIR.DPRT,Comoros,COM,1200,1000,1000,1000,1000,1000,1000,1000,1000,1000,1100,1100,..,..,..,..,..,..,..,..,..,..,..,..,..,..,..,..,..,..,..,..
"Air transport, registered carrier departures worldwide",IS.AIR.DPRT,"Congo, Dem. Rep.",COD,3900,5000,5200,4500,4800,5100,3500,3000,2600,3900,..,..,..,..,..,..,5200,..,..,..,..,..,..,..,..,1945,2295,4781,11448,11580,12476.7018656827,..
"Air transport, registered carrier departures worldwide",IS.AIR.DPRT,"Congo, Rep.",COG,6400,6700,4400,4500,4700,4100,4800,4700,4900,4900,6300,5400,10200,10300,6000,6257,5235,4505,4783,..,..,..,..,..,..,3755.33363289149,4817,7011,12132,10380,11461.044,..
"Air transport, registered carrier departures worldwide",IS.AIR.DPRT,Costa Rica,CRI,8500,8400,9200,10800,11400,12500,13300,15100,16900,18300,26900,20800,24300,36900,32000,24297,32270,32605,31219,33517,36045,36170,37284,36786,33285,41600.5549745151,43354,40081,42831,50239,58680.112,..
"Air transport, registered carrier departures worldwide",IS.AIR.DPRT,Cote d'Ivoire,CIV,6100,6100,6700,7100,5600,5400,4900,5000,4600,4300,4400,4600,3500,3500,6300,2342,716,..,..,..,..,..,..,..,..,5604,907,415,3912,4032,6108.883,..
"Air transport, registered carrier departures worldwide",IS.AIR.DPRT,Croatia,HRV,..,..,..,..,..,..,1900,4100,9200,12000,13300,15000,16700,16800,15900,16955,18258,19340,19751,20482,22031,21641,22391,24728,24613,24766,26743,26456,24305,25161,25183,..
"Air transport, registered carrier departures worldwide",IS.AIR.DPRT,Cuba,CUB,16000,18700,19400,17600,18900,19400,12000,9900,8600,12500,12800,14400,16800,19700,15700,12264,11728,9773,8998,10937,11484,11533,11874,11686,10653,21235.4502809087,18302.8583708965,15869.7722047845,23292,15468,17592.1785734266,..
"Air transport, registered carrier departures worldwide",IS.AIR.DPRT,Curacao,CUW,..,..,..,..,..,..,..,..,..,..,..,..,..,..,..,..,..,..,..,..,..,..,..,..,..,..,..,..,..,..,..,..
"Air transport, registered carrier departures worldwide",IS.AIR.DPRT,Cyprus,CYP,6100,6400,6400,6600,6700,7600,8000,10300,10800,11500,10900,10600,11500,12000,12100,12551,13321,15081,16908,19073,17392,17530,19131,19399,18556,15318,12430,13296,11724,9000,306,..
"Air transport, registered carrier departures worldwide",IS.AIR.DPRT,Czech Republic,CZE,21700,22200,21800,22100,24200,22300,20200,23100,24800,23500,26100,26900,28300,29500,34800,40027,44164,46574,52127,66134,75295,75439,75830,78377,78153,72137,61476,44189,54948,48975,55774.578,..
"Air transport, registered carrier departures worldwide",IS.AIR.DPRT,Denmark,DNK,75400,82800,85000,84600,87500,90600,87400,91100,101900,97200,101600,107800,118600,114600,106300,109369,110492,97713,90641,99598,13253,13783,..,..,..,..,..,..,..,..,..,..
"Air transport, registered carrier departures worldwide",IS.AIR.DPRT,Djibouti,DJI,3200,3900,2100,3900,3900,3900,3900,..,..,..,..,..,..,..,..,..,..,..,..,..,..,..,..,..,..,..,..,..,..,..,..,..
"Air transport, registered carrier departures worldwide",IS.AIR.DPRT,Dominica,DMA,..,..,..,..,..,..,..,..,..,..,..,..,..,..,..,..,..,..,..,..,..,..,..,..,..,..,..,..,..,..,..,..
"Air transport, registered carrier departures worldwide",IS.AIR.DPRT,Dominican Republic,DOM,6800,6200,5300,6100,6000,9500,4500,4300,3900,3000,2800,1300,1400,1400,400,..,..,..,..,..,..,..,..,..,..,1552,2286,2303,1908,1584,1421.16,..
"Air transport, registered carrier departures worldwide",IS.AIR.DPRT,Ecuador,ECU,26300,27000,27600,27300,27800,27900,27900,20300,45000,43400,21800,22500,26200,26900,20200,18419,16523,15407,24801,28422,29844,31016,44842,49162,46485,60835,49193,54250.9226188785,58687,61248,63665.311,..
"Air transport, registered carrier departures worldwide",IS.AIR.DPRT,"Egypt, Arab Rep.",EGY,31500,29800,30900,33800,35200,19800,25700,34100,31300,38000,39000,41300,41600,39500,44300,47418,41373,41858,42152,42189,44730,47444,51440,57510,56414,104036.125,78726.0909090909,92303,100735.5,95744,101349.925,..
"Air transport, registered carrier departures worldwide",IS.AIR.DPRT,El Salvador,SLV,9400,9700,9500,9400,9600,10700,12400,14600,15500,18800,20000,20900,19100,19400,32000,37098,26059,19407,22063,23660,23964,24879,22465,21056,19339,20961.2770874618,24699,26622,29114,31662,28671,..
"Air transport, registered carrier departures worldwide",IS.AIR.DPRT,Equatorial Guinea,GNQ,400,400,400,1400,400,400,400,400,400,400,400,400,600,600,..,..,..,..,..,..,..,..,..,..,..,717.170923379175,2808,8201,19416,14136,22350.1795229667,..
"Air transport, registered carrier departures worldwide",IS.AIR.DPRT,Eritrea,ERI,..,..,..,..,..,..,..,..,..,..,..,..,..,..,..,..,..,..,..,..,..,..,..,..,..,..,..,..,..,..,539,..
"Air transport, registered carrier departures worldwide",IS.AIR.DPRT,Estonia,EST,..,..,..,..,..,..,..,5500,5700,5700,6500,5100,7800,11400,10600,9199,9133,8324,8522,7814,8350,8183,9214,11478,8592,12207.9705512659,13492,26778,13356,13524,13954.44,..
"Air transport, registered carrier departures worldwide",IS.AIR.DPRT,Ethiopia,ETH,21600,23700,24400,22900,23600,20600,20000,25000,24200,25600,26200,24800,28100,27100,24900,26624,28128,28359,27204,29546,30961,33644,37528,39804,44154,48783,57728,62136,68131,71166,83940.32,..
"Air transport, registered carrier departures worldwide",IS.AIR.DPRT,Faroe Islands,FRO,..,..,..,..,..,..,..,..,..,..,..,..,..,..,..,..,..,..,..,..,..,..,..,..,..,..,..,..,..,..,..,..
"Air transport, registered carrier departures worldwide",IS.AIR.DPRT,Fiji,FJI,15800,14200,13100,23700,23600,23500,23200,27200,27000,31000,32600,33600,86900,87900,57300,57776,62768,37685,38732,36920,41886,46866,46359,46467,45595,26127,18142,16011.2858124356,11748,19140,19487,..
"Air transport, registered carrier departures worldwide",IS.AIR.DPRT,Finland,FIN,70300,66400,77300,84000,89800,93400,92000,93600,90300,91000,97000,103200,113300,119000,120700,145174,128881,108923,107026,109209,107108,114699,118686,114371,104740,132408.28422807,144467,138914.132653061,138987,140256,96708,..
"Air transport, registered carrier departures worldwide",IS.AIR.DPRT,France,FRA,261200,274400,314400,368200,393200,441700,408000,413700,459800,479000,482000,549900,667500,691800,748600,811776,777756,734679,695865,682263,728081,805731,825471,827851,771675,738003.426442238,754292,739353.599757151,641440,610197,607168,..
"Air transport, registered carrier departures worldwide",IS.AIR.DPRT,French Polynesia,PYF,..,..,..,..,..,..,..,..,..,..,..,..,..,..,..,..,..,..,..,..,..,..,..,..,..,..,..,..,..,..,..,..
"Air transport, registered carrier departures worldwide",IS.AIR.DPRT,Gabon,GAB,12300,12300,12500,11000,10700,10400,11300,10800,10900,12000,12000,7100,10000,10100,7300,7445,7492,7474,7990,8342,8505,8524,9057,5654,5423,7516.15985130111,3002,1553,0,0,2765,..
"Air transport, registered carrier departures worldwide",IS.AIR.DPRT,"Gambia, The",GMB,..,..,..,..,..,..,..,..,..,..,..,..,..,..,..,..,..,..,..,..,..,..,..,..,..,0,0,140,1788,1848,35.112,..
"Air transport, registered carrier departures worldwide",IS.AIR.DPRT,Georgia,GEO,..,..,..,..,..,..,..,..,..,1300,1400,2500,1600,1600,3000,1906,1945,4239,5514,4451,4673,4861,5347,5487,5054,2803,3896,3326,2933,3317,3958.8,..
"Air transport, registered carrier departures worldwide",IS.AIR.DPRT,Germany,DEU,214700,234100,269100,294300,310800,344200,406600,458000,459200,521000,526600,566600,645900,673300,709800,738297,762178,796129,844881,937143,1023858,1084821,1126699,1154472,1080553,971803.431596833,1021899.93850367,985668.769188173,954874,939270,950440.364,..
"Air transport, registered carrier departures worldwide",IS.AIR.DPRT,Ghana,GHA,5800,5500,7500,12300,11800,12600,19000,15100,3200,3400,3000,3300,3500,3500,5000,4873,5892,4382,3333,3333,..,..,..,..,..,5645.66956713294,10683,14902,16560,16764,20539.476,..
"Air transport, registered carrier departures worldwide",IS.AIR.DPRT,Gibraltar,GIB,..,..,..,..,..,..,..,..,..,..,..,..,..,..,..,..,..,..,..,..,..,..,..,..,..,..,..,..,..,..,..,..
"Air transport, registered carrier departures worldwide",IS.AIR.DPRT,Greece,GRC,77000,75800,78600,79200,80100,79600,69800,79200,86200,86600,89200,92400,94200,90700,94100,108584,125269,113247,114100,137676,130515,133226,137697,128287,112671,136382.257932753,125477.119829729,111870,103800,134160,142446.444247215,..
"Air transport, registered carrier departures worldwide",IS.AIR.DPRT,Greenland,GRL,..,..,..,..,..,..,..,..,..,..,..,..,..,..,..,..,..,..,..,..,..,..,..,..,..,..,..,..,..,..,..,..
"Air transport, registered carrier departures worldwide",IS.AIR.DPRT,Grenada,GRD,..,..,..,..,..,..,..,..,..,..,..,..,..,..,..,..,..,..,..,..,..,..,..,..,..,..,..,..,..,..,..,..
"Air transport, registered carrier departures worldwide",IS.AIR.DPRT,Guam,GUM,..,..,..,..,..,..,..,..,..,..,..,..,..,..,..,..,..,..,..,..,..,..,..,12139,11470,..,..,..,..,..,..,..
"Air transport, registered carrier departures worldwide",IS.AIR.DPRT,Guatemala,GTM,2200,1800,2100,2100,2300,3400,3400,4500,4600,4600,5100,5100,6400,6500,..,..,..,..,..,..,..,..,..,..,..,8875,9148,8091,2556,2214,3012,..
"Air transport, registered carrier departures worldwide",IS.AIR.DPRT,Guinea,GIN,3600,500,900,900,900,1100,1100,700,700,1400,700,700,700,700,600,..,..,..,..,..,..,..,..,..,..,..,..,..,..,..,..,..
"Air transport, registered carrier departures worldwide",IS.AIR.DPRT,Guinea-Bissau,GNB,1200,1200,1200,1200,1200,1200,1200,1200,1200,1200,1200,1200,1200,1200,..,..,..,..,..,..,..,..,..,..,..,..,..,..,..,..,..,..
"Air transport, registered carrier departures worldwide",IS.AIR.DPRT,Guyana,GUY,6700,4500,4500,4300,3800,3800,3300,3300,3300,3300,3500,3600,3600,3600,500,418,276,..,..,..,..,..,..,..,..,9351,12231,8625,0,0,0,..
"Air transport, registered carrier departures worldwide",IS.AIR.DPRT,Haiti,HTI,800,800,800,800,800,800,800,..,..,..,..,..,..,..,..,..,..,..,..,..,..,..,..,..,..,..,..,..,..,..,..,..
"Air transport, registered carrier departures worldwide",IS.AIR.DPRT,Honduras,HND,11800,8100,11300,14700,15100,17100,12500,11800,13700,..,..,..,..,..,..,..,..,..,..,..,..,..,..,..,..,21574,18287,16760,26796,24216,26029.628,..
"Air transport, registered carrier departures worldwide",IS.AIR.DPRT,"Hong Kong SAR, China",HKG,..,..,..,..,..,..,124500,147100,167200,181500,193700,195200,224800,234700,72400,79182,85003,91096,87070,111136,122705,130014,141372,144039,149809,158255,173112,185506.37822568,199639,215562,228582,..
"Air transport, registered carrier departures worldwide",IS.AIR.DPRT,Hungary,HUN,17200,17100,17300,16200,17500,18900,16600,19800,23100,20900,21600,24900,25700,27500,30200,32297,31654,33290,40233,46837,47362,45781,51003,49795,45861,111307,120826.212389811,88801.8316511268,103080,123708,145480.608,..
"Air transport, registered carrier departures worldwide",IS.AIR.DPRT,Iceland,ISL,18000,16700,18600,18400,17600,18300,17700,16900,17300,18700,19200,21600,21100,21700,14700,12589,11728,9989,9750,10832,11803,12785,14064,12431,12924,21668.3164735801,24488,26469,26643,28181,30899,..
"Air transport, registered carrier departures worldwide",IS.AIR.DPRT,India,IND,139900,151000,159500,157600,156300,125800,117500,120300,105300,130100,168400,151300,182500,196100,180500,198426,206690,231413,263870,302790,330484,453921,569033,592292,601977,623196.778558652,695626,678125.937793064,689094,724541.12,787998,..
"Air transport, registered carrier departures worldwide",IS.AIR.DPRT,Indonesia,IDN,185800,181500,190600,206100,193200,205400,215700,236900,227200,230500,262200,311200,194700,196700,135000,159027,164651,152278,155609,318488,320724,357414,357789,345240,330112,520932.081983182,599692.276092406,641182.300723356,576000,623868,639388.756,..
"Air transport, registered carrier departures worldwide",IS.AIR.DPRT,"Iran, Islamic Rep.",IRN,27200,35200,34500,31000,36500,39900,41500,37700,41600,46500,48600,63300,83400,79600,75900,82610,141396,92621,138537,109706,121235,136075,137645,122226,133932,158014.183450955,161191.677604321,153142.822223706,161029,163595,155796.987,..
"Air transport, registered carrier departures worldwide",IS.AIR.DPRT,Iraq,IRQ,7900,8400,8400,12400,12600,7800,200,500,..,300,..,..,..,..,..,..,..,..,..,..,..,..,..,..,..,7692,9697,8993,4332,4332,4436.35957979075,..
"Air transport, registered carrier departures worldwide",IS.AIR.DPRT,Ireland,IRL,32500,33500,36600,61400,73000,79500,82400,76700,69000,70300,84000,95000,107200,122700,132700,145457,156277,177032,231296,261345,303697,350204,416205,483741,528098,601262,635065,648817.651510641,641412,658512,682655,..
"Air transport, registered carrier departures worldwide",IS.AIR.DPRT,Isle of Man,IMN,..,..,..,..,..,..,..,..,..,..,..,..,..,..,..,..,..,..,..,..,..,..,..,..,..,..,..,..,..,..,..,..
"Air transport, registered carrier departures worldwide",IS.AIR.DPRT,Israel,ISR,22500,22700,21800,27800,29600,29500,29900,39100,41900,44200,48000,50000,51400,50100,51600,56427,47648,49404,46334,34152,34104,36257,47038,45309,47856,47829,47195,47073.827458256,46644,49177,50006,..
"Air transport, registered carrier departures worldwide",IS.AIR.DPRT,Italy,ITA,174700,172400,180100,189700,214200,229400,231500,261400,265300,268900,280000,306800,321400,338200,358900,367584,393484,350552,385911,382317,445968,447749,431647,382590,382897,335280,328771.58001328,306320.503320053,258027,244903,246495.656,..
"Air transport, registered carrier departures worldwide",IS.AIR.DPRT,Jamaica,JAM,27700,21600,24000,23300,25200,21300,20900,20000,20000,18700,17000,18300,12300,12500,20600,16577,24440,23343,23976,23338,21787,21133,22401,22894,16840,0,0,0,492,953,997,..
"Air transport, registered carrier departures worldwide",IS.AIR.DPRT,Japan,JPN,417800,433300,441500,465400,468300,476000,495800,473000,474400,489300,535900,564000,573300,636500,661800,645087,640328,647953,639866,638430,651858,670252,656917,655495,641913,934487.439462563,812928,874677,915542.658,927666,953258,..
"Air transport, registered carrier departures worldwide",IS.AIR.DPRT,Jordan,JOR,15200,14800,15000,15500,17400,14100,11000,14300,15500,16000,16800,17100,16700,15400,15900,16447,15893,16369,15354,17958,19689,26546,29415,30804,32490,39318.7915976253,40329.1978021978,39468,38998,38386,36622,..
"Air transport, registered carrier departures worldwide",IS.AIR.DPRT,Kazakhstan,KAZ,..,..,..,..,..,..,..,..,5900,5900,20900,10300,10300,10400,9100,8041,8398,15426,19560,11754,17302,19160,19138,19229,18832,33483,40916,44580,66108,71220,72485.484,..
"Air transport, registered carrier departures worldwide",IS.AIR.DPRT,Kenya,KEN,11100,11800,12000,11700,12100,13000,11700,13200,13900,13200,13500,14400,19600,19800,25100,29080,24741,25873,27057,26218,28399,29039,32329,32045,33593,78265,84955,82576,98244,81636,81437.352,..
"Air transport, registered carrier departures worldwide",IS.AIR.DPRT,Kiribati,KIR,4200,3400,3000,3000,3000,2900,2900,2900,2900,2900,3000,3100,3100,3200,..,..,..,..,..,..,..,..,..,..,..,..,..,..,..,..,..,..
"Air transport, registered carrier departures worldwide",IS.AIR.DPRT,"Korea, Dem. People’s Rep.",PRK,5500,5400,5500,5800,5800,5800,5800,6100,6100,6100,6400,6400,6900,1000,1300,1332,1305,1396,1354,1652,1768,1839,1949,1986,1865,725,732,890,3576,3900,3759.6,..
"Air transport, registered carrier departures worldwide",IS.AIR.DPRT,"Korea, Rep.",KOR,49100,53100,59100,69200,143600,120100,120100,141000,163500,170300,188900,207300,229300,207900,204000,226910,228442,238649,240942,232077,221424,223735,243113,250260,256160,280427,282239,285000,360356,368132,392926.006,..
"Air transport, registered carrier departures worldwide",IS.AIR.DPRT,Kosovo,XKX,..,..,..,..,..,..,..,..,..,..,..,..,..,..,..,..,..,..,..,..,..,..,..,..,..,..,..,..,..,..,..,..
"Air transport, registered carrier departures worldwide",IS.AIR.DPRT,Kuwait,KWT,14200,14300,14300,15000,15600,10000,7200,14300,16200,17200,17900,19400,17200,18700,17300,17486,16682,18929,17833,19512,19142,20673,17685,17999,18191,41848,31753,28814,27305,28824,30215.5476737354,..
"Air transport, registered carrier departures worldwide",IS.AIR.DPRT,Kyrgyz Republic,KGZ,..,..,..,..,..,..,..,..,10400,10400,11600,13300,10400,15300,8300,6051,4942,3951,4810,5550,5228,4730,4916,3567,5459,7371,9274,7719,12189,17388,16826.193,..
"Air transport, registered carrier departures worldwide",IS.AIR.DPRT,Lao PDR,LAO,500,1500,2000,2000,2100,3400,3400,3700,3700,3700,3900,3900,3900,3900,6300,6411,6652,6971,7068,8413,9002,9959,9957,10007,9793,11374,12262,15836.1286311187,16944,12732,9771.81564781345,..
"Air transport, registered carrier departures worldwide",IS.AIR.DPRT,Latvia,LVA,..,..,..,..,..,..,..,800,4700,5400,5200,10900,8200,9900,9100,9816,9508,9364,10360,16159,23112,29067,28182,28915,27123,54589,54241,46732,43836,41748,41376,..
"Air transport, registered carrier departures worldwide",IS.AIR.DPRT,Lebanon,LBN,11100,8200,8500,11300,6800,10300,9300,10000,9400,9900,10900,9700,10300,10100,10100,10435,10317,10808,10819,11807,12013,11274,12172,12306,13532,19882,21306,21880,23568,23580,24351.066,..
"Air transport, registered carrier departures worldwide",IS.AIR.DPRT,Lesotho,LSO,4700,4800,3900,2200,4600,4600,4600,1900,1100,2400,1800,1400,700,2100,200,..,..,..,..,..,..,..,..,..,..,..,..,..,..,..,..,..
"Air transport, registered carrier departures worldwide",IS.AIR.DPRT,Liberia,LBR,2800,2800,2800,2900,2900,2300,2200,2200,..,..,..,..,..,..,..,..,..,..,..,..,..,..,..,..,..,..,..,..,..,..,..,..
"Air transport, registered carrier departures worldwide",IS.AIR.DPRT,Libya,LBY,16600,15400,14400,16400,17000,18200,19000,14400,9100,7100,5800,6100,6000,6000,6100,6194,5884,5884,6414,8042,13335,12657,13477,9930,9812,34878.0771737788,27770.5020633663,16514.4315772057,32064,32736,31312.5096951226,..
"Air transport, registered carrier departures worldwide",IS.AIR.DPRT,Liechtenstein,LIE,..,..,..,..,..,..,..,..,..,..,..,..,..,..,..,..,..,..,..,..,..,..,..,..,..,..,..,..,..,..,..,..
"Air transport, registered carrier departures worldwide",IS.AIR.DPRT,Lithuania,LTU,..,..,..,..,..,..,..,4700,4800,6500,6600,6600,8100,9700,11100,10197,10418,9613,9839,11224,11930,11059,10823,12238,11633,4972.63491038269,7122,11874,9900,12613,12193.968,..
"Air transport, registered carrier departures worldwide",IS.AIR.DPRT,Luxembourg,LUX,7900,9200,10300,10400,10600,12300,13200,15200,15300,18900,7300,8200,23200,24600,29900,34007,38239,25102,40831,42447,42304,43777,47209,47639,51932,38716,38937,43021,44059,47215,48569,..
"Air transport, registered carrier departures worldwide",IS.AIR.DPRT,"Macao SAR, China",MAC,..,..,..,..,..,..,..,..,..,..,..,..,..,..,..,11673,14161,15378,14355,21126,23572,25154,25016,19009,14258,13411,14368,15890,17859,20158,21472,..
"Air transport, registered carrier departures worldwide",IS.AIR.DPRT,"Macedonia, FYR",MKD,..,..,..,..,..,..,..,..,3200,3400,3500,4900,3900,7600,6400,8047,4673,1964,2263,2398,2277,2368,2605,2813,1389,..,..,..,..,..,..,..
"Air transport, registered carrier departures worldwide",IS.AIR.DPRT,Madagascar,MDG,16200,15600,15700,16100,15300,17200,14300,15300,16900,16200,17800,17200,16800,18300,18600,20491,20129,9433,17202,18016,17911,14142,37310,11861,9566,11714,12332.7272727273,13267,9451,10385,10521.4238202247,..
"Air transport, registered carrier departures worldwide",IS.AIR.DPRT,Malawi,MWI,5700,4400,3000,1600,3500,3600,4000,3800,3300,3400,3500,3500,3600,3600,4400,4806,4708,4620,4940,5290,5446,5528,5888,4416,4376,3340.39012345679,3172,3201.16692164608,1644,1644,1687.02,..
"Air transport, registered carrier departures worldwide",IS.AIR.DPRT,Malaysia,MYS,94700,94100,101400,109400,111900,130500,145800,164800,164500,175000,178200,188300,194100,174000,164800,169263,169840,189382,166716,170054,176152,163665,185052,176549,182002,302185.222466875,336401,343382,430334.457756879,451775.55,475932.767,..
"Air transport, registered carrier departures worldwide",IS.AIR.DPRT,Maldives,MDV,800,900,700,700,700,800,800,800,800,2600,4000,4100,3300,6000,4400,5970,3286,3417,3520,4224,4520,5108,5006,5006,4971,..,..,..,..,..,..,..
"Air transport, registered carrier departures worldwide",IS.AIR.DPRT,Mali,MLI,3100,1700,100,..,..,..,..,1100,1300,1300,1300,1500,1500,1500,1500,1518,716,..,..,..,..,..,..,..,..,4656,5580,2753,360,0,0,..
"Air transport, registered carrier departures worldwide",IS.AIR.DPRT,Malta,MLT,4000,4500,4700,5300,6000,6600,6800,7500,9500,11300,12800,13600,13400,12700,14100,15394,15056,14594,14390,14356,14768,15359,16895,17334,18362,16828,14891,13845,14257,14022,13639,..
"Air transport, registered carrier departures worldwide",IS.AIR.DPRT,Marshall Islands,MHL,..,..,2500,2600,2800,3300,3300,5500,5500,8800,8300,4600,3900,3600,3700,2324,2744,3876,3911,3683,3083,3573,3508,3510,3480,..,..,..,..,..,..,..
"Air transport, registered carrier departures worldwide",IS.AIR.DPRT,Mauritania,MRT,4100,4400,4100,4200,4200,3600,4300,4200,4400,4400,4600,4800,4900,4900,3600,3761,2230,1510,1612,1686,1720,1725,1833,1159,1114,6373,4235,3077,3984,4044,4277.02293640869,..
"Air transport, registered carrier departures worldwide",IS.AIR.DPRT,Mauritius,MUS,6400,6500,5800,5900,6400,8400,7700,7700,8000,8200,8900,9400,11000,11000,10700,12162,12269,12720,12969,14791,14743,13692,12090,11742,11144,11750,12353,12258,12079,12131,12646,..
"Air transport, registered carrier departures worldwide",IS.AIR.DPRT,Mexico,MEX,204600,187100,189000,141400,152200,177300,189300,228400,246600,272100,225100,222700,264100,292100,328300,290412,292208,278456,287017,330441,331225,317856,309633,266244,222356,445796.033023162,386063.994109534,415279.822989187,435792.09,457921.907,487455.181,..
"Air transport, registered carrier departures worldwide",IS.AIR.DPRT,"Micronesia, Fed. Sts.",FSM,..,..,..,..,..,..,..,..,..,..,..,..,..,..,..,..,..,..,..,..,..,..,..,..,..,..,..,..,..,..,..,..
"Air transport, registered carrier departures worldwide",IS.AIR.DPRT,Moldova,MDA,..,..,..,..,..,..,..,..,0,0,3400,3800,1600,3300,1100,3682,3866,3862,4333,4657,4392,4248,4654,4933,5047,6571,7147,6560,7500,8400,8743,..
"Air transport, registered carrier departures worldwide",IS.AIR.DPRT,Monaco,MCO,9400,12500,12500,12500,12500,12500,12500,12500,12500,12500,12500,12500,12500,12700,28900,31479,29905,14959,14024,12022,12249,14092,15170,13071,10351,10067,10603,11034.5454545454,10956,10928.727,10728,..
"Air transport, registered carrier departures worldwide",IS.AIR.DPRT,Mongolia,MNG,..,..,..,..,..,..,9800,17900,10000,10000,10500,10500,4900,4900,2200,6200,5947,6264,7358,6702,5332,6169,6158,5592,4783,6528,7194.25844122874,9611.02826134262,4212,5597,5284.532,..
"Air transport, registered carrier departures worldwide",IS.AIR.DPRT,Montenegro,MNE,..,..,..,..,..,..,..,..,..,..,..,..,..,..,..,..,2411,..,4978,4974,5560,..,..,..,..,10064.0086862106,7707,7485,7164,6492,6864,..
"Air transport, registered carrier departures worldwide",IS.AIR.DPRT,Morocco,MAR,11600,12200,12600,13600,14100,27100,18600,25800,37400,34500,32700,32000,35100,40100,43900,44542,44262,37160,35937,41526,48651,55239,68847,61298,62037,75306,69940.912476723,61161.3007019091,68700,72216,74493.504,..
"Air transport, registered carrier departures worldwide",IS.AIR.DPRT,Mozambique,MOZ,2500,2900,3300,4700,4900,5600,5100,4400,3700,3800,3200,3800,4600,5000,5900,6698,7257,7501,7662,8585,9768,10490,10791,10943,11260,13705,12957,13263.2514684884,19596,20520,19647.898,..
"Air transport, registered carrier departures worldwide",IS.AIR.DPRT,Myanmar,MMR,22500,22500,22500,22600,13800,13800,13800,13800,13800,13800,14500,14500,14500,14700,11300,10329,9709,20624,20611,24729,26460,28700,29235,29514,28499,20485,32354,37798.8298164773,38028,48192,49505.6,..
"Air transport, registered carrier departures worldwide",IS.AIR.DPRT,Namibia,NAM,..,..,..,..,..,..,8100,9400,6300,6300,6800,7200,7400,7500,5500,5161,5131,5080,6034,6137,6455,6513,6942,5450,5439,8836,9400,11711,8568,9197,10606,..
"Air transport, registered carrier departures worldwide",IS.AIR.DPRT,Nauru,NRU,..,..,..,..,..,..,..,..,..,..,..,..,..,..,..,..,..,..,..,..,..,..,..,..,1998,342,399,116,96,612,706.86,..
"Air transport, registered carrier departures worldwide",IS.AIR.DPRT,Nepal,NPL,20300,20300,16600,24000,25800,25800,23000,22300,21800,25900,27200,28400,28400,28600,12000,12130,12306,4324,4912,5846,6255,6920,6918,6952,6804,45990,44126,34745,30612,19560,19394.7,..
"Air transport, registered carrier departures worldwide",IS.AIR.DPRT,Netherlands,NLD,98700,102600,118100,121700,122200,115000,130500,173200,189800,176800,203100,206000,185700,188200,224400,229386,222539,250114,248246,254647,241084,250811,259827,262848,291713,268542.005768021,293885.839797724,307221,312910,304795,305540.995,..
"Air transport, registered carrier departures worldwide",IS.AIR.DPRT,New Caledonia,NCL,..,..,..,..,..,..,..,..,..,..,..,..,..,..,..,..,..,..,..,..,..,..,..,..,..,..,..,..,..,..,..,..
"Air transport, registered carrier departures worldwide",IS.AIR.DPRT,New Zealand,NZL,96200,93100,98700,111500,126500,128300,109200,122900,123600,125800,127600,187400,256800,236100,227500,240046,266139,242720,247388,196657,209469,220990,219243,220375,217178,207872,206937,203388,203520,199646,210449.318,..
"Air transport, registered carrier departures worldwide",IS.AIR.DPRT,Nicaragua,NIC,2300,2000,2000,2000,3600,3900,3900,4200,600,700,800,800,800,800,500,452,..,..,..,..,..,..,..,..,..,..,..,..,..,..,..,..
"Air transport, registered carrier departures worldwide",IS.AIR.DPRT,Niger,NER,1100,2300,2200,2300,1100,500,1200,1100,1300,1300,1300,1500,1500,1500,1500,1518,716,..,..,..,..,..,..,..,..,0,0,1416,1044,407,469,..
"Air transport, registered carrier departures worldwide",IS.AIR.DPRT,Nigeria,NGA,37500,32600,30100,19700,15900,17400,14900,12500,11900,11200,6600,5600,6400,7500,8400,12761,10667,13154,8987,8254,10227,16045,16936,18005,16851,61789,68014.2763449768,65631.5070737067,59182,57238,52496.78,..
"Air transport, registered carrier departures worldwide",IS.AIR.DPRT,Northern Mariana Islands,MNP,..,..,..,..,..,..,..,..,..,..,..,..,..,..,..,..,..,..,..,..,..,..,..,..,..,..,..,..,..,..,..,..
"Air transport, registered carrier departures worldwide",IS.AIR.DPRT,Norway,NOR,190500,229900,233300,222600,221400,233500,228000,253700,249800,259200,266500,279500,301500,305100,334500,320753,306511,270045,248403,254045,..,..,..,..,..,..,..,..,..,..,..,..
"Air transport, registered carrier departures worldwide",IS.AIR.DPRT,Oman,OMN,10500,9600,10200,10800,11400,12300,11400,14400,16200,18800,15700,17900,17500,16300,22200,22322,23213,23168,27751,31871,..,..,..,..,25542,32850,35560,39638,46816,47126,56544,..
"Air transport, registered carrier departures worldwide",IS.AIR.DPRT,Pakistan,PAK,48200,52000,53800,60700,62500,66100,65700,69700,70300,69200,69400,70000,73300,68600,74400,63956,52616,41917,44731,50309,48905,51296,51029,52165,50939,64932,72695,72232,61820,57956,65749.572,..
"Air transport, registered carrier departures worldwide",IS.AIR.DPRT,Palau,PLW,..,..,..,..,..,..,..,..,..,..,..,..,..,..,..,..,..,..,..,..,..,..,..,..,..,..,..,..,..,..,..,..
"Air transport, registered carrier departures worldwide",IS.AIR.DPRT,Panama,PAN,6900,7000,7000,7200,6900,5400,5500,7500,9500,10700,16400,16600,17800,21700,21200,25225,24867,21883,25702,27434,30392,33003,40645,46292,66236,73316.7503951154,79391,82753,135428,127664,132707.076,..
"Air transport, registered carrier departures worldwide",IS.AIR.DPRT,Papua New Guinea,PNG,53900,57300,64700,69500,71400,62400,56700,53200,24700,57800,26800,26800,29300,29600,27100,27512,29826,31147,17704,18712,19606,21935,21700,21751,21450,32741,36364.3197806363,37309.857693979,30012,34068,33260.604,..
"Air transport, registered carrier departures worldwide",IS.AIR.DPRT,Paraguay,PRY,6600,7300,7800,6400,6200,6100,7300,7400,13600,6800,900,10200,4200,4400,8000,7556,8173,8497,8557,9104,10059,9807,10351,10522,9758,6459,6873.73284970825,6594,6408,5496,4116,..
"Air transport, registered carrier departures worldwide",IS.AIR.DPRT,Peru,PER,28800,32100,35600,33600,26000,22100,21500,21200,25000,30600,37300,35200,43200,44800,37300,29387,44487,37482,36947,46917,60819,56072,61958,67840,65885,84408.1153236815,100131,106167,115817.396352206,117732,125198.943,..
"Air transport, registered carrier departures worldwide",IS.AIR.DPRT,Philippines,PHL,57700,62900,67400,71200,74200,70100,63200,65100,60800,61600,64000,64700,65500,61800,40300,44547,60511,57193,56235,56647,58944,61712,65212,72333,87028,205318,225789.683645565,241698.559028508,200532,235500,278834.957,..
"Air transport, registered carrier departures worldwide",IS.AIR.DPRT,Poland,POL,28400,30700,30200,28900,31500,28600,19600,22400,27600,30500,32100,35900,38300,38400,43800,52371,71799,69842,73137,77690,78992,83451,89289,90031,83053,82630,82052,81194,83336,77094,71085.47,..
"Air transport, registered carrier departures worldwide",IS.AIR.DPRT,Portugal,PRT,31000,31700,34600,39500,40300,45000,47000,59900,63300,65900,71600,80500,94700,97600,117200,112462,96049,112324,117404,127025,148604,119668,138093,159135,123551,111961.407853906,129004,131870,158096,155356,154860.968,..
"Air transport, registered carrier departures worldwide",IS.AIR.DPRT,Puerto Rico,PRI,..,..,..,..,..,..,..,..,..,..,..,..,..,..,..,..,..,..,..,..,..,..,..,..,..,..,..,..,..,..,..,..
"Air transport, registered carrier departures worldwide",IS.AIR.DPRT,Qatar,QAT,10500,9600,8800,9400,10000,10900,10000,12900,14700,15200,13400,15400,14400,12300,22600,26652,27049,34364,28370,34931,45964,53327,62689,68818,77178,90819,109525,128402,139869,151703,170582,..
"Air transport, registered carrier departures worldwide",IS.AIR.DPRT,Romania,ROU,23000,24600,23700,23000,24100,22000,20200,16100,18100,21300,22200,17100,25600,15400,17900,23298,20781,17748,26844,30524,38995,42754,51222,55386,57893,61515,57823,51685,43956,42249.8,45627.724,..
"Air transport, registered carrier departures worldwide",IS.AIR.DPRT,Russian Federation,RUS,..,..,..,..,..,..,..,..,815400,683400,586300,464700,395300,280500,321400,314621,329935,345262,350963,398958,390824,421170,467670,522577,475261,523759,596042,636748,678071,747804,767043,..
"Air transport, registered carrier departures worldwide",IS.AIR.DPRT,Rwanda,RWA,3500,900,1900,900,700,500,1500,500,500,500,..,..,..,..,..,..,..,..,..,..,..,..,..,..,..,5867,7265,10410,11532,12096,13070.3870310658,..
"Air transport, registered carrier departures worldwide",IS.AIR.DPRT,Samoa,WSM,..,..,..,..,..,..,..,..,..,..,..,6500,1200,9900,10700,10877,11802,12317,9010,10691,11439,12752,12658,12699,12492,..,..,..,..,..,..,..
"Air transport, registered carrier departures worldwide",IS.AIR.DPRT,San Marino,SMR,..,..,..,..,..,..,..,..,..,..,..,..,..,..,..,..,..,..,..,..,..,..,..,..,..,..,..,..,..,..,..,..
"Air transport, registered carrier departures worldwide",IS.AIR.DPRT,Sao Tome and Principe,STP,300,300,700,700,700,700,700,700,700,700,700,700,800,800,1100,1135,1135,1128,1170,1267,1310,1337,1426,1142,1143,..,..,..,..,..,..,..
"Air transport, registered carrier departures worldwide",IS.AIR.DPRT,Saudi Arabia,SAU,100500,95500,91000,92700,89900,92700,79000,95100,100000,102500,98100,100700,100300,101100,106900,108981,107984,108598,108322,113329,116280,131528,150521,148335,156500,177608,193536,208986,216636,232908,232960.263054187,..
"Air transport, registered carrier departures worldwide",IS.AIR.DPRT,Senegal,SEN,6200,3800,3700,3800,3800,3500,4200,4100,4300,4300,4500,4700,4800,3600,2400,2415,2606,6471,2396,6166,6441,0,..,..,0,0,5251,7730,5808,4044,3655.28545345381,..
"Air transport, registered carrier departures worldwide",IS.AIR.DPRT,Serbia,SRB,..,..,..,..,..,..,..,..,..,..,..,..,..,..,..,..,14000,19935,17205,19729,17048,19664,19971,19568,17208,16893,17303,16841,18156,28944,29809.425,..
"Air transport, registered carrier departures worldwide",IS.AIR.DPRT,Seychelles,SYC,12500,16200,14800,14700,14900,15800,16300,6000,13600,13400,14000,17200,17900,18900,18500,18966,20249,22449,18647,19281,19581,19526,20727,11896,11238,12989,14202,11262,14592,14556,17124,..
"Air transport, registered carrier departures worldwide",IS.AIR.DPRT,Sierra Leone,SLE,3100,3100,1900,1500,700,500,..,100,100,200,200,200,0,0,..,202,139,138,138,156,164,171,183,181,186,0,2085,2145,..,..,..,..
"Air transport, registered carrier departures worldwide",IS.AIR.DPRT,Singapore,SGP,31100,31600,32900,34900,32000,30500,35000,39100,43100,46100,51600,57200,60700,61700,68400,71042,72431,72444,64117,76253,77119,84747,87564,91387,83772,131721.915559326,144696.875455373,157939.317765257,165239.07,178820.28,176911.819,..
"Air transport, registered carrier departures worldwide",IS.AIR.DPRT,Sint Maarten (Dutch part),SXM,..,..,..,..,..,..,..,..,..,..,..,..,..,..,..,..,..,..,..,..,..,..,..,..,..,..,..,..,..,..,..,..
"Air transport, registered carrier departures worldwide",IS.AIR.DPRT,Slovak Republic,SVK,..,..,..,..,..,..,..,..,1800,1600,2400,3200,3500,5100,5700,2421,1817,4215,6845,12663,13914,14521,23997,24044,32020,2702,990,1439,1824,721.068,72,..
"Air transport, registered carrier departures worldwide",IS.AIR.DPRT,Slovenia,SVN,..,..,..,..,..,..,..,3900,6700,6900,7800,8000,8600,9900,10900,12082,13220,14881,16402,17310,18071,19505,23165,24477,25478,21840,21370,18141,17212,16557,18891.537,..
"Air transport, registered carrier departures worldwide",IS.AIR.DPRT,Solomon Islands,SLB,10900,10700,11100,11100,11100,11100,11100,11100,3800,4000,10400,10800,10800,11000,12500,11481,12496,13011,9745,11512,12318,13883,13640,13649,13529,7388,7048.95461126849,6659.69835873915,11352,11532,13107.06,..
"Air transport, registered carrier departures worldwide",IS.AIR.DPRT,Somalia,SOM,2400,2700,2800,2500,1600,1600,900,..,..,..,..,..,..,..,..,..,..,..,..,..,..,..,..,..,..,2716.90992767916,2815,2791,3540,3444,0,..
"Air transport, registered carrier departures worldwide",IS.AIR.DPRT,South Africa,ZAF,64200,51000,55800,60800,81200,84000,78600,79900,93700,89300,74300,88400,102200,93200,103800,110392,122561,116985,130938,133222,148146,146648,152550,156567,151292,190441,191506.866330359,197817.300311111,184763,197784,198082.792,..
"Air transport, registered carrier departures worldwide",IS.AIR.DPRT,South Sudan,SSD,..,..,..,..,..,..,..,..,..,..,..,..,..,..,..,..,..,..,..,..,..,..,..,..,..,..,..,..,..,..,..,..
"Air transport, registered carrier departures worldwide",IS.AIR.DPRT,Spain,ESP,181700,180400,183000,207200,225500,244700,262600,289700,282200,282300,313200,332800,370400,387900,414200,485856,517481,493019,518836,549963,586438,602978,657606,616893,547971,546298.853885983,535074,471440.886886395,465558.909,486353.8,538636.118,..
"Air transport, registered carrier departures worldwide",IS.AIR.DPRT,Sri Lanka,LKA,6700,5800,5800,6100,6900,7900,8200,9100,8900,8900,8900,8800,8800,9300,10100,5206,11386,10480,12603,18699,19712,20979,21020,20512,16632,20921,26052,31373,32636.4,32094,30927,..
"Air transport, registered carrier departures worldwide",IS.AIR.DPRT,St. Kitts and Nevis,KNA,..,..,..,..,..,..,..,..,..,..,..,..,..,..,..,..,..,..,..,..,..,..,..,..,..,..,..,..,..,..,..,..
"Air transport, registered carrier departures worldwide",IS.AIR.DPRT,St. Lucia,LCA,..,..,..,..,..,..,..,..,..,..,..,..,..,..,..,..,..,..,..,..,..,..,..,..,..,..,..,..,..,..,..,..
"Air transport, registered carrier departures worldwide",IS.AIR.DPRT,St. Martin (French part),MAF,..,..,..,..,..,..,..,..,..,..,..,..,..,..,..,..,..,..,..,..,..,..,..,..,..,..,..,..,..,..,..,..
"Air transport, registered carrier departures worldwide",IS.AIR.DPRT,St. Vincent and the Grenadines,VCT,..,..,..,..,..,..,..,..,..,..,..,..,..,..,..,..,..,..,..,..,..,..,..,..,..,..,..,..,..,..,..,..
"Air transport, registered carrier departures worldwide",IS.AIR.DPRT,Sudan,SDN,7900,5100,6400,5500,8000,9100,6800,8400,10000,10600,9300,9800,5500,4400,7500,7753,7562,7523,7849,8435,8695,8839,9418,7219,7178,10897,16727.0882365286,13525.4963291617,9432,6852,6020.52591487674,..
"Air transport, registered carrier departures worldwide",IS.AIR.DPRT,Suriname,SUR,2800,800,700,2200,2100,2100,2700,3000,3600,3100,2600,3800,6200,6300,6800,2169,1920,1714,4402,4620,4851,4908,5022,4900,4560,1925,1914.76063829787,2417.51329787234,3420,2796,2995,..
"Air transport, registered carrier departures worldwide",IS.AIR.DPRT,Swaziland,SWZ,1600,1900,1800,1400,1300,1400,1500,1900,1600,1800,2700,2700,2000,2000,2500,2586,..,..,..,..,..,..,..,..,..,..,..,..,..,..,..,..
"Air transport, registered carrier departures worldwide",IS.AIR.DPRT,Sweden,SWE,150300,173100,180200,189700,203000,208000,178100,186700,183200,195100,170600,183500,207400,223400,236300,247707,233803,198291,183532,190315,..,..,..,..,..,..,..,..,..,..,..,..
"Air transport, registered carrier departures worldwide",IS.AIR.DPRT,Switzerland,CHE,115800,122200,122700,132000,145900,152100,150800,157600,168900,174900,191200,218200,220800,250300,276300,289031,284899,242800,189121,144703,134839,125126,139124,158788,168280,224807,244994,257233.254295533,266128,263267,248853.284,..
"Air transport, registered carrier departures worldwide",IS.AIR.DPRT,Syrian Arab Republic,SYR,5500,7000,7300,6500,9600,11200,12900,9700,8400,8800,8900,9000,10700,9100,11200,13959,13580,12975,13953,16325,16815,17082,18909,18960,19229,12699,15455.407623056,9670.3235106534,5424,5424,0,..
"Air transport, registered carrier departures worldwide",IS.AIR.DPRT,Tajikistan,TJK,..,..,..,..,..,..,..,..,..,3200,3500,2600,2600,2600,3800,3953,4511,5936,7210,8494,6987,2976,7891,8191,9758,5709.66891573827,7320,6529.89687626775,6263,7471,6287.787,..
"Air transport, registered carrier departures worldwide",IS.AIR.DPRT,Tanzania,TZA,13800,11200,12300,12100,8000,7500,9400,7500,5700,5400,5600,6100,6000,6100,5000,5973,4360,4401,6082,6441,6062,5068,5457,5460,21088,21825,26332.300586101,28130.4720729721,27625.772,23090.181,24533.49,..
"Air transport, registered carrier departures worldwide",IS.AIR.DPRT,Thailand,THA,47400,49600,48300,54600,61800,69500,69800,72700,76200,80700,86500,91700,94900,93500,95400,101591,102414,97750,93576,128178,124347,126845,129703,125907,123541,201306,227322,252368.898405228,298450,324762,381918.185,..
"Air transport, registered carrier departures worldwide",IS.AIR.DPRT,Timor-Leste,TLS,..,..,..,..,..,..,..,..,..,..,..,..,..,..,..,..,..,..,..,..,..,..,..,..,..,..,..,..,..,..,..,..
"Air transport, registered carrier departures worldwide",IS.AIR.DPRT,Togo,TGO,1400,1100,1000,1100,1100,500,1200,1100,1300,1300,1300,1500,1500,1500,1500,1518,716,..,..,..,..,..,..,..,..,8164,10745,10264,11484,10524,9870.336,..
"Air transport, registered carrier departures worldwide",IS.AIR.DPRT,Tonga,TON,1200,4500,5900,4800,4800,4300,4300,4300,4300,4800,4800,5200,3700,3700,3800,3814,4157,4323,4453,5255,..,..,..,..,..,..,..,..,..,..,..,..
"Air transport, registered carrier departures worldwide",IS.AIR.DPRT,Trinidad and Tobago,TTO,22800,25000,20000,21300,21800,21500,23400,23100,23900,28000,29400,13700,12400,12500,20900,25982,27908,23076,17731,17483,14298,13878,14703,15017,14247,28909,36648.0737879789,36648.0737879789,36564,36216,35126.496,..
"Air transport, registered carrier departures worldwide",IS.AIR.DPRT,Tunisia,TUN,13800,11200,13000,12500,13100,12900,12300,12500,13300,14400,14900,13800,17200,19700,20100,19907,19385,18538,18738,20554,21268,21715,21734,24385,24225,31098,32179.9168975069,37233,48804,60419,35539.728,..
"Air transport, registered carrier departures worldwide",IS.AIR.DPRT,Turkey,TUR,31600,31700,32900,36800,38300,44200,38600,58600,70500,75100,78500,84900,92800,103900,111400,119945,111342,105996,104377,121815,145952,177088,197132,215275,271835,369174,420222,476115,568212.396628194,628104,706067,..
"Air transport, registered carrier departures worldwide",IS.AIR.DPRT,Turkmenistan,TKM,..,..,..,..,..,..,..,..,..,12500,12500,8700,8700,8800,18500,21858,23963,23963,24460,16316,14094,15602,15590,15665,15337,3221,1617.84131054131,1440.73219373219,12871.0166080453,12150.2396779948,12219.3265426531,..
"Air transport, registered carrier departures worldwide",IS.AIR.DPRT,Turks and Caicos Islands,TCA,..,..,..,..,..,..,..,..,..,..,..,..,..,..,..,..,..,..,..,..,..,..,..,..,..,..,..,..,..,..,..,..
"Air transport, registered carrier departures worldwide",IS.AIR.DPRT,Tuvalu,TUV,..,..,..,..,..,..,..,..,..,..,..,..,..,..,..,..,..,..,..,..,..,..,..,..,..,..,..,..,..,..,..,..
"Air transport, registered carrier departures worldwide",IS.AIR.DPRT,Uganda,UGA,1100,1800,1700,1200,2000,2000,800,500,1500,1500,900,900,900,900,3000,263,266,263,263,302,317,330,353,349,359,6290,4879,5990,8616,6864,2331.624,..
"Air transport, registered carrier departures worldwide",IS.AIR.DPRT,Ukraine,UKR,..,..,..,..,..,..,..,45400,26400,11400,22600,27700,30600,29800,29500,27973,32864,26859,39778,42374,41911,48562,30029,52509,58756,66038,76652.2681818182,73378.9426182735,58474.09,48416.6,45750.126,..
"Air transport, registered carrier departures worldwide",IS.AIR.DPRT,United Arab Emirates,ARE,10500,12200,12800,15100,16000,18800,19400,26300,30100,34000,34200,38000,39000,41100,44400,48330,50783,54952,71224,87217,..,..,..,..,170588,240855.107016004,269521,311758,327076,352224,397126.112,..
"Air transport, registered carrier departures worldwide",IS.AIR.DPRT,United Kingdom,GBR,471700,498900,522900,573300,639100,670700,615500,654600,659400,684900,724800,772300,788900,801900,840800,876158,925638,924944,891154,970036,1018118,1037032,1044883,1056206,1003893,985109.023067177,1062692,1050702.90909091,1052640,1059254,1100186.413,..
"Air transport, registered carrier departures worldwide",IS.AIR.DPRT,United States,USA,5553900,6106000,6398000,6628500,6522100,6848600,6623900,6578100,6427800,7250000,7682200,8031800,7942900,7824400,8511400,8820878,8535240,8038761,7789108,9566226,9969599,9738983,9815504,9054478,9182363,10095197,10057768,9864360,9745498,9556324,9495129,..
"Air transport, registered carrier departures worldwide",IS.AIR.DPRT,Uruguay,URY,8100,5600,5800,5200,7700,5000,5000,5100,8500,9000,9000,6700,8200,9900,10300,10852,9550,8404,7032,8343,8934,8666,9186,9388,8731,..,..,..,..,..,..,..
"Air transport, registered carrier departures worldwide",IS.AIR.DPRT,Uzbekistan,UZB,..,..,..,..,..,..,..,..,..,15600,16200,11500,11500,11700,30800,30075,39673,22543,22325,22698,22183,21514,22265,22406,23176,22924,23773,24328,23962,23149,22579,..
"Air transport, registered carrier departures worldwide",IS.AIR.DPRT,Vanuatu,VUT,200,300,300,300,300,300,600,700,1100,1300,1600,1600,1700,2100,1300,1402,1446,1547,1211,1477,1580,1643,1742,1775,1667,17212,11218.2976736216,11905,12144,10848,9347.232,..
"Air transport, registered carrier departures worldwide",IS.AIR.DPRT,"Venezuela, RB",VEN,97900,96700,88000,102700,115200,82000,81100,97700,107100,94200,80300,82800,72700,67400,130200,138500,223075,166807,110062,123232,135574,139671,140774,137900,123646,84065,83106,78583.1623779542,92813,99250,80754.862,..
"Air transport, registered carrier departures worldwide",IS.AIR.DPRT,Vietnam,VNM,1800,1800,1800,1800,1800,1800,3700,3700,16800,21200,27100,27800,33500,29700,29000,28999,35658,42588,41996,50855,54415,50840,60218,74739,83720,109176,135905.672936536,135300.414088577,149527.817,167386.363,205217,..
"Air transport, registered carrier departures worldwide",IS.AIR.DPRT,Virgin Islands (U.S.),VIR,..,..,..,..,..,..,..,..,..,..,..,..,..,..,..,..,..,..,..,..,..,..,..,..,..,..,..,..,..,..,..,..
"Air transport, registered carrier departures worldwide",IS.AIR.DPRT,West Bank and Gaza,PSE,..,..,..,..,..,..,..,..,..,..,..,..,..,..,..,..,..,..,..,..,..,..,..,..,..,..,..,..,..,..,..,..
"Air transport, registered carrier departures worldwide",IS.AIR.DPRT,"Yemen, Rep.",YEM,9900,15300,13700,14600,13800,14100,11300,13900,13100,12400,4900,11800,7000,7300,7800,14608,14973,15495,14706,16746,17306,18843,14403,14462,14652,20600,20176.7285260675,16807.4072955955,16932,16056,11459.916,..
"Air transport, registered carrier departures worldwide",IS.AIR.DPRT,Zambia,ZMB,4700,4900,5400,5600,2900,6500,2800,2700,4200,4300,..,..,1200,1200,5400,6118,4886,4875,5214,5825,5965,6013,6396,4361,..,9730,11497,8288,7997,8050,10048.806,..
"Air transport, registered carrier departures worldwide",IS.AIR.DPRT,Zimbabwe,ZWE,9400,8900,8800,9700,10000,10300,13300,13500,11000,9800,9900,10000,17700,17800,15300,13603,8848,5050,3950,4269,4410,6819,7272,5917,5937,7077,10020.7056112793,11560.3678539236,27684,25224,27274.632,..
,,,,,,,,,,,,,,,,,,,,,,,,,,,,,,,,,,,
,,,,,,,,,,,,,,,,,,,,,,,,,,,,,,,,,,,
,,,,,,,,,,,,,,,,,,,,,,,,,,,,,,,,,,,
Data from database: World Development Indicators,,,,,,,,,,,,,,,,,,,,,,,,,,,,,,,,,,,
Last Updated: 05/26/2017,,,,,,,,,,,,,,,,,,,,,,,,,,,,,,,,,,,
